"External Data Release (1=All, 2=Low Risk, 3=High Risk: Internal Use ONLY, 4=System Codes: Internal Use)","versionNbr (Form Version Number)","Data Set Variable Sequence","FormName","Field Name","Calculated/Created variable (1=yes)","Alias (Field Name description)","Data Type","Categorical Values","Categorical Definitions","Continous Range Min","Continous Range Max","fieldGUID (Field unique identifier)"
4,1,1,"Animal Training","participantGUID",,"Participant Unique ID","varchar",,,,,"C24D377C-6F8E-4701-96D2-46D9AF8FB5D5"
3,1,2,"Animal Training","d_visit",,"Date Completed","datetime",,,,,"C112B918-E301-451E-A665-2E75EFFCE088"
1,1,3,"Animal Training","days_visit",1,"[C] Day (in relation to arrival date) Completed","int",,,,,"C112B918-E301-451E-A665-2E75EFFCE088D"
1,1,4,"Animal Training","staffID",,"Staff ID","int",,,,,"69D44852-27BD-4F9D-BEC8-CE44BDAB590A"
4,1,5,"Animal Training","siteGUID",,"Site Unique ID","varchar",,,,,"BCDEF5C7-05BD-4BA0-B926-9B0A036F8619"
1,1,6,"Animal Training","siteID",,"Site Numeric ID","int","|910|930|940","|Joslin Diabetes Center|University of Florida|University of Iowa",,,"EC59665A-072A-489D-9895-1558E94987E9"
1,1,7,"Animal Training","pid",,"Unique, randomly generated 8 digit numeric identifier used in linkage to phenotypic data","varchar",,,,,"61867240-0A49-4C41-8539-E2C0F7519E80"
4,1,8,"Animal Training","formGUID",,"Form Unique ID","varchar","7010EE02-1CC1-43B5-9CB1-D3AD3BB180E9",,,,"12860C5A-6A50-4BA4-A233-84FAF73A4A6E"
1,1,9,"Animal Training","FormName",,"Form Name","varchar","Animal Training",,,,"6FA1753B-16C1-4E2A-AC85-3650C559CB06"
4,1,10,"Animal Training","versionGUID",,"Version Unique ID","varchar","67328AAA-7A09-4E1F-A81A-B099B9270719",,,,"D5CFE626-4266-4AAF-99C1-A16152222CD0"
1,1,11,"Animal Training","versionNbr",,"Version Number","int",1,,,,"70659EEA-843C-4A5B-AD2D-51372072E271"
3,1,12,"Animal Training","day1date",,"Day 1 Date","datetime",,,,,"05C51190-4BD3-4D7C-AC8E-7EAAC2828DD6"
1,1,13,"Animal Training","day1_days",1,"[C] Day 1 Day (in relation to arrival date)","int",,,,,"05C51190-4BD3-4D7C-AC8E-7EAAC2828DD6D"
1,1,14,"Animal Training","day1time",,"Day 1 Time","varchar",,,,,"740DB203-A736-4C1D-AC73-3CFE6CE6160B"
1,1,15,"Animal Training","day1_treadmillspeed",,"Day 1 Treadmill Speed","numeric",,,,,"F0A3B016-7B2E-4C47-A903-AA284AD6730F"
1,1,16,"Animal Training","day1_treadmillincline",,"Day 1 Treadmill Incline","numeric",,,,,"C090B238-B42B-4949-9864-7EDEA89F8250"
1,1,17,"Animal Training","day1_timeontreadmill",,"Day 1 Time on Treadmill","int",,,,,"5F069376-1D7F-4FB8-9E2D-EFC4744CDF41"
1,1,18,"Animal Training","day1_weight",,"Day 1 Weight","numeric",,,,,"EC5572EA-7030-4C90-937B-F1BDF2707CDE"
1,1,19,"Animal Training","day1_posttrainlact",,"Day 1 Post-training Lactate","numeric",,,,,"4C3614BB-83A9-4ED5-94BB-CB294D897470"
1,1,20,"Animal Training","day1_score",,"Day 1 Score","int",,,1,4,"0027E233-56D3-4C6C-906F-66872806A0D9"
2,1,21,"Animal Training","day1_comments",,"Day 1 Comments","varchar(MAX)",,,,,"6091806F-91E8-4EE1-9569-C29106BFB29A"
3,1,22,"Animal Training","day2date",,"Day 2 Date","datetime",,,,,"F0CB661C-D396-4F5D-B201-7E3A57757E41"
1,1,23,"Animal Training","day2_days",1,"[C] Day 2 Day (in relation to arrival date)","int",,,,,"F0CB661C-D396-4F5D-B201-7E3A57757E41D"
1,1,24,"Animal Training","day2time",,"Day 2 Time","varchar",,,,,"E5515CD1-026A-4752-B10B-686E6B201B77"
1,1,25,"Animal Training","day2_treadmillspeed",,"Day 2 Treadmill Speed","numeric",,,,,"411D113E-2466-4957-AA82-54B44181770B"
1,1,26,"Animal Training","day2_treadmillincline",,"Day 2 Treadmill Incline","numeric",,,,,"B03A43D1-FDD0-4D9D-B1D1-6CE0A143C056"
1,1,27,"Animal Training","day2_timeontreadmill",,"Day 2 Time on Treadmill","int",,,,,"E17415DB-43A0-46F3-8AEF-6FAB67F7195D"
1,1,28,"Animal Training","day2_weight",,"Day 2 Weight","numeric",,,,,"A1C7C587-3F7D-4001-A375-9E4200238DD8"
1,1,29,"Animal Training","day2_posttrainlact",,"Day 2 Post-Training Lactate","numeric",,,,,"CAEA2944-A682-4864-BA48-3AB56F6643AF"
1,1,30,"Animal Training","day2_score",,"Day 2 Score","int",,,1,4,"8A81EF94-85C1-42B6-80A5-9FD6B2C347E8"
2,1,31,"Animal Training","day2_comments",,"Day 2 Comments","varchar(MAX)",,,,,"00B0469D-9BE4-45EE-8CCE-EDC4AADAC98F"
3,1,32,"Animal Training","day3date",,"Day 3 Date","datetime",,,,,"0DB75881-B58E-47D7-B788-53E24340A58A"
1,1,33,"Animal Training","day3_days",1,"[C] Day 3 Day (in relation to arrival date)","int",,,,,"0DB75881-B58E-47D7-B788-53E24340A58AD"
1,1,34,"Animal Training","day3time",,"Day 3 Time","varchar",,,,,"3D95BB13-3DE7-46F7-ADA2-38BCF7F75104"
1,1,35,"Animal Training","day3_treadmillspeed",,"Day 3 Treadmill Speed","numeric",,,,,"5C2B4652-3E75-4ABD-9C8D-70D4620EDE5D"
1,1,36,"Animal Training","day3_treadmillincline",,"Day 3 Treadmill Incline","numeric",,,,,"D34306E3-1FF0-4EDA-B117-B5E4E0E2B6BE"
1,1,37,"Animal Training","day3_timeontreadmill",,"Day 3 Time on Treadmill","int",,,,,"A7F84150-9623-492F-B77E-E0B92D182E90"
1,1,38,"Animal Training","day3_weight",,"Day 3 Weight","numeric",,,,,"C5A7E44A-43B2-42CD-B3B7-12204559DBEA"
1,1,39,"Animal Training","day3_posttrainlact",,"Day 3 Post-training Lactate","numeric",,,,,"86CF9750-F752-4CE5-899A-D1A13AC7D412"
1,1,40,"Animal Training","day3_score",,"Day 3 Score","int",,,1,4,"7EA33AC9-2743-4EC7-B1B3-C8E696B20A32"
2,1,41,"Animal Training","day3_comments",,"Day 3 Comments","varchar(MAX)",,,,,"A063862E-F68C-4E32-BFEE-AB7AC9F53829"
3,1,42,"Animal Training","day4date",,"Day 4 Date","datetime",,,,,"0AF6F6FE-33A8-4DF3-A433-6ADC8D2820D8"
1,1,43,"Animal Training","day4_days",1,"[C] Day 4 Day (in relation to arrival date)","int",,,,,"0AF6F6FE-33A8-4DF3-A433-6ADC8D2820D8D"
1,1,44,"Animal Training","day4time",,"Day 4 Time","varchar",,,,,"CD570A1B-389E-400B-8BE8-2A69FEC4ED17"
1,1,45,"Animal Training","day4_treadmillspeed",,"Day 4 Treadmill Speed","numeric",,,,,"2919D0AD-EDEF-4583-ACFB-A7E6E40B002F"
1,1,46,"Animal Training","day4_treadmillincline",,"Day 4 Treadmill Incline","numeric",,,,,"B88E6D84-92B8-4FDB-BE90-13A8BDDDA434"
1,1,47,"Animal Training","day4_timeontreadmill",,"Day 4 Time on Treadmill","int",,,,,"0876B436-B451-41F8-B2D9-78A8EBC92329"
1,1,48,"Animal Training","day4_weight",,"Day 4 Weight","numeric",,,,,"D356DA19-ABF1-4677-9BF0-C09AD8542FFA"
1,1,49,"Animal Training","day4_posttrainlact",,"Day 4 Post-training Lactate","numeric",,,,,"52C7B60B-FA60-44CE-BD1D-79D16CFA5896"
1,1,50,"Animal Training","day4_score",,"Day 4 Score","int",,,1,4,"F11BC6E1-78CE-4AB8-B728-BD22E117AF84"
2,1,51,"Animal Training","day4_comments",,"Day 4 Comments","varchar(MAX)",,,,,"EDEEB24C-85C3-47C2-8BE6-262B1FCF5553"
3,1,52,"Animal Training","day5date",,"Day 5 Date","datetime",,,,,"65782D71-DBE4-4542-9C08-B2C63542EDD3"
1,1,53,"Animal Training","day5_days",1,"[C] Day 5 Day (in relation to arrival date)","int",,,,,"65782D71-DBE4-4542-9C08-B2C63542EDD3D"
1,1,54,"Animal Training","day5time",,"Day 5 Time","varchar",,,,,"D0A6B0E7-23E5-41D8-AE51-FA970629ADE7"
1,1,55,"Animal Training","day5_treadmillspeed",,"Day 5 Treadmill Speed","numeric",,,,,"AE00F49C-942D-4E4A-8E50-DED5EC3E2121"
1,1,56,"Animal Training","day5_treadmillincline",,"Day 5 Treadmill Incline","numeric",,,,,"354C3406-6D33-4769-BBB4-8A0881E1FE7A"
1,1,57,"Animal Training","day5_timeontreadmill",,"Day 5 Time on Treadmill","int",,,,,"E391B50C-7111-4C65-B060-79C1A59A6365"
1,1,58,"Animal Training","day5_weight",,"Day 5 Weight","numeric",,,,,"B17324B5-C925-423E-A0B2-63D9F786DFB7"
1,1,59,"Animal Training","day5_posttrainlact",,"Day 5 Post-training Lactate","numeric",,,,,"0567370C-07A6-4E0C-BB65-024C0E40A106"
1,1,60,"Animal Training","day5_score",,"Day 5 Score","int",,,1,4,"139152DA-F169-4BD4-82A4-11539385FB6D"
2,1,61,"Animal Training","day5_comments",,"Day 5 Comments","varchar(MAX)",,,,,"7B07EFD2-5CA6-44AF-914A-015F82C7FCF2"
3,1,62,"Animal Training","day6date",,"Day 6 Date","datetime",,,,,"5FFD7DB4-B0B8-47B6-B419-5702291B7E96"
1,1,63,"Animal Training","day6_days",1,"[C] Day 6 Day (in relation to arrival date)","int",,,,,"5FFD7DB4-B0B8-47B6-B419-5702291B7E96D"
1,1,64,"Animal Training","day6time",,"Day 6 Time","varchar",,,,,"DBDC7E43-33C8-4185-B25F-065F888D6572"
1,1,65,"Animal Training","day6_treadmillspeed",,"Day 6 Treadmill Speed","numeric",,,,,"888ABE0B-7F69-4B70-B409-CE18F483D3AD"
1,1,66,"Animal Training","day6_treadmillincline",,"Day 6 Treadmill Incline","numeric",,,,,"112DACAC-D901-4CE6-84B3-27FF952325E3"
1,1,67,"Animal Training","day6_timeontreadmill",,"Day 6 Time on Treadmill","int",,,,,"5401ECB8-513D-46F8-8129-7A46C9A17D4F"
1,1,68,"Animal Training","day6_weight",,"Day 6 Weight","numeric",,,,,"263C8DB1-8100-4A41-B695-E5DBAB5BC0FB"
1,1,69,"Animal Training","day6_posttrainlact",,"Day 6 Post-training Lactate","numeric",,,,,"96F3B083-F86D-4570-8A3B-4292416C438E"
1,1,70,"Animal Training","day6_score",,"Day 6 Score","int",,,1,4,"D24E274A-EBEF-4337-A8BB-38ABACBEBE83"
2,1,71,"Animal Training","day6_comments",,"Day 6 Comments","varchar(MAX)",,,,,"980E864C-6664-42CD-A27B-D92A1FF37B81"
3,1,72,"Animal Training","day7date",,"Day 7 Date","datetime",,,,,"7A1F8F65-A43E-48A3-8006-96C6808D960D"
1,1,73,"Animal Training","day7_days",1,"[C] Day 7 Day (in relation to arrival date)","int",,,,,"7A1F8F65-A43E-48A3-8006-96C6808D960DD"
1,1,74,"Animal Training","day7time",,"Day 7 Time","varchar",,,,,"ED257B3F-531C-4C2A-BF70-C1090C94FD14"
1,1,75,"Animal Training","day7_treadmillspeed",,"Day 7 Treadmill Speed","numeric",,,,,"A73792AE-1E38-48E0-A4C7-20F33674A2FE"
1,1,76,"Animal Training","day7_treadmillincline",,"Day 7 Treadmill Incline","numeric",,,,,"6F3982A9-0419-4AE7-8E6A-62E850CE82B2"
1,1,77,"Animal Training","day7_timeontreadmill",,"Day 7 Time on Treadmill","int",,,,,"C39F1AF1-7B18-4AC2-9665-F0C357848D2E"
1,1,78,"Animal Training","day7_weight",,"Day 7 Weight","numeric",,,,,"F159831D-0629-48D4-B43F-720D20BB3C93"
1,1,79,"Animal Training","day7_posttrainlact",,"Day 7 Post-training Lactate","numeric",,,,,"CCBAF4B7-8730-4BCE-B7B0-C774585B990F"
1,1,80,"Animal Training","day7_score",,"Day 7 Score","int",,,1,4,"E83C6EA6-F71C-481B-906A-6DF74EB5D9A2"
2,1,81,"Animal Training","day7_comments",,"Day 7 Comments","varchar(MAX)",,,,,"A32D9600-B9F4-442E-BD06-A3836B0FD29F"
3,1,82,"Animal Training","day8date",,"Day 8 Date","datetime",,,,,"7341469B-B849-46CC-A8E7-75B0F78ADA26"
1,1,83,"Animal Training","day8_days",1,"[C] Day 8 Day (in relation to arrival date)","int",,,,,"7341469B-B849-46CC-A8E7-75B0F78ADA26D"
1,1,84,"Animal Training","day8time",,"Day 8 Time","varchar",,,,,"09B2B1B7-FA54-472D-83A5-F81190DF0DFB"
1,1,85,"Animal Training","day8_treadmillspeed",,"Day 8 Treadmill Speed","numeric",,,,,"7A55FF64-C1C1-4DC1-980A-7E6F51E2687F"
1,1,86,"Animal Training","day8_treadmillincline",,"Day 8 Treadmill Incline","numeric",,,,,"58DC713B-B2A4-48D7-9A37-A35D44EABC1C"
1,1,87,"Animal Training","day8_timeontreadmill",,"Day 8 Time on Treadmill","int",,,,,"C7DC9498-05F8-4DC5-AD66-5F4449CAEA01"
1,1,88,"Animal Training","day8_weight",,"Day 8 Weight","numeric",,,,,"140DA8F7-3D94-4419-A2C4-6105629568D8"
1,1,89,"Animal Training","day8_posttrainlact",,"Day 8 Post-training Lactate","numeric",,,,,"0EC431FF-E3F3-4E30-9618-7F2EF7B48E21"
1,1,90,"Animal Training","day8_score",,"Day 8 Score","int",,,1,4,"278A8BB9-F650-42B2-BB2F-D902D43C917F"
2,1,91,"Animal Training","day8_comments",,"Day 8 Comments","varchar(MAX)",,,,,"8B126234-3238-43CE-B2A2-954C4D445A2C"
3,1,92,"Animal Training","day9date",,"Day 9 Date","datetime",,,,,"0C628F23-5A19-42D6-90E9-E5F578765AF6"
1,1,93,"Animal Training","day9_days",1,"[C] Day 9 Day (in relation to arrival date)","int",,,,,"0C628F23-5A19-42D6-90E9-E5F578765AF6D"
1,1,94,"Animal Training","day9time",,"Day 9 Time","varchar",,,,,"4D3F596A-E6ED-49F0-B22F-D54190805664"
1,1,95,"Animal Training","day9_treadmillspeed",,"Day 9 Treadmill Speed","numeric",,,,,"21AF327A-C763-4EB8-AB32-958604B5EDF1"
1,1,96,"Animal Training","day9_treadmillincline",,"Day 9 Treadmill Incline","numeric",,,,,"DD66B6BA-845B-48FC-B68F-53DA7F18A3F8"
1,1,97,"Animal Training","day9_timeontreadmill",,"Day 9 Time on Treadmill","int",,,,,"304ABFBB-55C2-4312-8264-8AF5B23EF1BE"
1,1,98,"Animal Training","day9_weight",,"Day 9 Weight","numeric",,,,,"6F96D9EE-F379-4398-9929-7C4DA83DBFDD"
1,1,99,"Animal Training","day9_posttrainlact",,"Day 9 Post-training Lactate","numeric",,,,,"39F7B584-A2EA-4E95-B7EE-B9C8D397E590"
1,1,100,"Animal Training","day9_score",,"Day 9 Score","int",,,1,4,"89DFF9C0-ED44-434A-A773-7E990F7EA686"
2,1,101,"Animal Training","day9_comments",,"Day 9 Comments","varchar(MAX)",,,,,"622F4295-CF61-4CAF-80AF-D0082B53C07E"
3,1,102,"Animal Training","day10date",,"Day 10 Date","datetime",,,,,"004C590A-A85C-4CF8-9A1C-2490BBCEBAAA"
1,1,103,"Animal Training","day10_days",1,"[C] Day 10 Day (in relation to arrival date)","int",,,,,"004C590A-A85C-4CF8-9A1C-2490BBCEBAAAD"
1,1,104,"Animal Training","day10time",,"Day 10 Time","varchar",,,,,"5FCCA281-A60E-45B9-9FD6-E651AD9B4508"
1,1,105,"Animal Training","day10_treadmillspeed",,"Day 10 Treadmill Speed","numeric",,,,,"4CAD807C-30A1-4520-8593-8F1A2C03BDE1"
1,1,106,"Animal Training","day10_treadmillincline",,"Day 10 Treadmill Incline","numeric",,,,,"00DE323C-D4DC-4935-A536-FF48F1E16DCA"
1,1,107,"Animal Training","day10_timeontreadmill",,"Day 10 Time on Treadmill","int",,,,,"C7C66CF2-4E6B-40F7-9BE3-17314DBA012B"
1,1,108,"Animal Training","day10_weight",,"Day 10 Weight","numeric",,,,,"4CE3B225-CD13-4BDF-851A-4FE4E2541739"
1,1,109,"Animal Training","day10_posttrainlact",,"Day 10 Post-training Lactate","numeric",,,,,"6A3AC9E0-ECD2-44A3-B623-94A8A28EC389"
1,1,110,"Animal Training","day10_score",,"Day 10 Score","int",,,1,4,"87DEF247-2F47-4E56-9173-B961B91BBF2C"
2,1,111,"Animal Training","day10_comments",,"Day 10 Comments","varchar(MAX)",,,,,"962DA950-8FE1-4831-9D49-6B7CA64E0C2F"
3,1,112,"Animal Training","day11date",,"Day 11 Date","datetime",,,,,"03098A43-B6DE-44F1-A4B9-735C8027A687"
1,1,113,"Animal Training","day11_days",1,"[C] Day 11 Day (in relation to arrival date)","int",,,,,"03098A43-B6DE-44F1-A4B9-735C8027A687D"
1,1,114,"Animal Training","day11time",,"Day 11 Time","varchar",,,,,"B30D9830-F024-4AEF-9C07-BA449FA9DF3C"
1,1,115,"Animal Training","day11_treadmillspeed",,"Day 11 Treadmill Speed","numeric",,,,,"0F4E42DD-C392-4C91-9709-4E1DB4A23AB6"
1,1,116,"Animal Training","day11_treadmillincline",,"Day 11 Treadmill Incline","numeric",,,,,"39AF4C5D-BF31-4D30-BA15-CDFB9DE3467F"
1,1,117,"Animal Training","day11_timeontreadmill",,"Day 11 Time on Treadmill","int",,,,,"4EE545C5-0995-4786-8E88-8AF092868683"
1,1,118,"Animal Training","day11_weight",,"Day 11 Weight","numeric",,,,,"D729D556-0635-4C1D-A301-7BFC169D317B"
1,1,119,"Animal Training","day11_posttrainlact",,"Day 11 Post-training Lactate","numeric",,,,,"7CB60486-9637-454B-9CD7-558611DCC404"
1,1,120,"Animal Training","day11_score",,"Day 11 Score","int",,,1,4,"977686A3-9383-4D23-AA16-B56FBA80DBFB"
2,1,121,"Animal Training","day11_comments",,"Day 11 Comments","varchar(MAX)",,,,,"19323526-3A8A-4BCE-A5A1-F8EB884D1ECE"
3,1,122,"Animal Training","day12date",,"Day 12 Date","datetime",,,,,"0919B9FB-97C2-4E49-89C5-B9BA2E0535F6"
1,1,123,"Animal Training","day12_days",1,"[C] Day 12 Day (in relation to arrival date)","int",,,,,"0919B9FB-97C2-4E49-89C5-B9BA2E0535F6D"
1,1,124,"Animal Training","day12time",,"Day 12 Time","varchar",,,,,"0D052B83-52BF-49A7-96FF-103F311FB2BC"
1,1,125,"Animal Training","day12_treadmillspeed",,"Day 12 Treadmill Speed","numeric",,,,,"7499DCD0-74F6-46C4-94F4-43AE406617DB"
1,1,126,"Animal Training","day12_treadmillincline",,"Day 12 Treadmill Incline","numeric",,,,,"93D8C784-A241-42A1-AE6E-5A23E96C5CDA"
1,1,127,"Animal Training","day12_timeontreadmill",,"Day 12 Time on Treadmill","int",,,,,"A60AE4F5-DB26-48FA-814C-AFFD029D0833"
1,1,128,"Animal Training","day12_weight",,"Day 12 Weight","numeric",,,,,"E0EBC1DD-5C3C-449F-AA82-64C3F2FE346A"
1,1,129,"Animal Training","day12_posttrainlact",,"Day 12 Post-training Lactate","numeric",,,,,"5B9CA1A6-ABC5-47AF-A281-BD867F447E45"
1,1,130,"Animal Training","day12_score",,"Day 12 Score","int",,,1,4,"F182C76D-AB75-4B48-849A-117846D7AE83"
2,1,131,"Animal Training","day12_comments",,"Day 12 Comments","varchar(MAX)",,,,,"03FE7327-1FEE-42FB-A4EB-169C6836338E"
3,1,132,"Animal Training","day13date",,"Day 13 Date","datetime",,,,,"6F5501D1-6BF3-44D4-B1A0-EDC59BF87F1E"
1,1,133,"Animal Training","day13_days",1,"[C] Day 13 Day (in relation to arrival date)","int",,,,,"6F5501D1-6BF3-44D4-B1A0-EDC59BF87F1ED"
1,1,134,"Animal Training","day13time",,"Day 13 Time","varchar",,,,,"81D08FFF-A39D-4D9E-A053-7F66031C8333"
1,1,135,"Animal Training","day13_treadmillspeed",,"Day 13 Treadmill Speed","numeric",,,,,"C90F3C48-9BC6-4345-B1F0-C078B4CC5A10"
1,1,136,"Animal Training","day13_treadmillincline",,"Day 13 Treadmill Incline","numeric",,,,,"BB96E90A-3834-4DD0-9A68-6BA6862BF19B"
1,1,137,"Animal Training","day13_timeontreadmill",,"Day 13 Time on Treadmill","int",,,,,"FC16CE9E-CDE2-4E91-83FE-D5189868FEB1"
1,1,138,"Animal Training","day13_weight",,"Day 13 Weight","numeric",,,,,"2A0EB194-8B58-4EC4-906E-1D34AAE75A1B"
1,1,139,"Animal Training","day13_posttrainlact",,"Day 13 Post-training Lactate","numeric",,,,,"418060B2-F808-4546-90B8-6F7E9E0E851E"
1,1,140,"Animal Training","day13_score",,"Day 13 Score","int",,,1,4,"70236AC0-3EA9-4503-B205-0C0218D24B69"
2,1,141,"Animal Training","day13_comments",,"Day 13 Comments","varchar(MAX)",,,,,"26A0D870-0B80-4590-BFAC-4622137C20F3"
3,1,142,"Animal Training","day14date",,"Day 14 Date","datetime",,,,,"2084EC76-A538-40C3-B7EC-54A44133496A"
1,1,143,"Animal Training","day14_days",1,"[C] Day 14 Day (in relation to arrival date)","int",,,,,"2084EC76-A538-40C3-B7EC-54A44133496AD"
1,1,144,"Animal Training","day14time",,"Day 14 Time","varchar",,,,,"77E79A23-05FD-4FF4-9FD5-2503E8C431C3"
1,1,145,"Animal Training","day14_treadmillspeed",,"Day 14 Treadmill Speed","numeric",,,,,"DFF5CF78-7869-4A90-8960-4BEA81B9CEB0"
1,1,146,"Animal Training","day14_treadmillincline",,"Day 14 Treadmill incline","numeric",,,,,"0376D6C5-6E27-47EF-BDF3-9481B68086C9"
1,1,147,"Animal Training","day14_timeontreadmill",,"Day 14 Time on Treadmill","int",,,,,"20598667-2A44-4891-9E94-2285D9B477DF"
1,1,148,"Animal Training","day14_weight",,"Day 14 Weight","numeric",,,,,"82043DCF-88F2-4D93-B2A8-355198D554B4"
1,1,149,"Animal Training","day14_posttrainlact",,"Day 14 Post-training Lactate","numeric",,,,,"CC2A7BE7-3E7D-4712-97AA-CB89B12F9D04"
1,1,150,"Animal Training","day14_score",,"Day 14 Score","int",,,1,4,"BCBAB731-653E-4A62-B727-FB2EEF570597"
2,1,151,"Animal Training","day14_comments",,"Day 14 Comments","varchar(MAX)",,,,,"C323B8B5-DBFF-4C54-A379-8B0C01908F58"
3,1,152,"Animal Training","day15date",,"Day 15 Date","datetime",,,,,"94DDC4F9-A6FC-4EB2-AFCF-3810C9291919"
1,1,153,"Animal Training","day15_days",1,"[C] Day 15 Day (in relation to arrival date)","int",,,,,"94DDC4F9-A6FC-4EB2-AFCF-3810C9291919D"
1,1,154,"Animal Training","day15time",,"Day 15 Time","varchar",,,,,"6E8F51DF-0AF0-46AF-BC02-548EA53587E5"
1,1,155,"Animal Training","day15_treadmillspeed",,"Day 15 Treadmill Speed","numeric",,,,,"F4C117E8-0662-4C1F-B514-EE74C51F91AE"
1,1,156,"Animal Training","day15_treadmillincline",,"Day 15 Treadmill Incline","numeric",,,,,"BA267228-7E9B-4B25-8E29-B260060EE834"
1,1,157,"Animal Training","day15_timeontreadmill",,"Day 15 Time on Treadmill","int",,,,,"3E5C2611-EFC3-4F91-ABE9-4498803BD500"
1,1,158,"Animal Training","day15_weight",,"Day 15 Weight","numeric",,,,,"3AD5EB9B-2988-4657-913F-372DA3C1E1E1"
1,1,159,"Animal Training","day15_posttrainlact",,"Day 15 Post-training Lactate","numeric",,,,,"A427D188-397F-48E5-A459-5C971A52BCAC"
1,1,160,"Animal Training","day15_score",,"Day 15 Score","int",,,1,4,"D37E867A-1013-44A5-8CA1-E207746060CB"
2,1,161,"Animal Training","day15_comments",,"Day 15 Comments","varchar(MAX)",,,,,"EF308DAF-29B4-47F6-9C50-EA0F812832A6"
3,1,162,"Animal Training","day16date",,"Day 16 Date","datetime",,,,,"1A0BF195-FDDE-44B4-84CE-7DA1ECB31275"
1,1,163,"Animal Training","day16_days",1,"[C] Day 16 Day (in relation to arrival date)","int",,,,,"1A0BF195-FDDE-44B4-84CE-7DA1ECB31275D"
1,1,164,"Animal Training","day16time",,"Day 16 Time","varchar",,,,,"ACAFD595-351E-4C3F-8821-8B9F2BB0AA80"
1,1,165,"Animal Training","day16_treadmillspeed",,"Day 16 Treadmill Speed","numeric",,,,,"19DA61F8-8460-4EB9-A8E6-151E0F73E821"
1,1,166,"Animal Training","day16_treadmillincline",,"Day 16 Treadmill Incline","numeric",,,,,"2958B21B-D18B-4DCB-A5D4-D4330E6E9390"
1,1,167,"Animal Training","day16_timeontreadmill",,"Day 16 Time on Treadmill","int",,,,,"779A09DD-E25F-4C6E-BCF3-2CD2E2E75F89"
1,1,168,"Animal Training","day16_weight",,"Day 16 Weight","numeric",,,,,"0E0F70C8-E499-40D3-ACD5-676A15759A0C"
1,1,169,"Animal Training","day16_posttrainlact",,"Day 16 Post-training Lactate","numeric",,,,,"F453205F-4549-4FB0-BE32-3B4CEC715E4B"
1,1,170,"Animal Training","day16_score",,"Day 16 Score","int",,,1,4,"D920C051-C540-400A-874C-1FC491EF873C"
2,1,171,"Animal Training","day16_comments",,"Day 16 Comments","varchar(MAX)",,,,,"11468069-D9FF-4663-9BE9-0240BBB986FE"
3,1,172,"Animal Training","day17date",,"Day 17 Date","datetime",,,,,"A8AE6C07-18AF-489B-9442-A01FF574B00C"
1,1,173,"Animal Training","day17_days",1,"[C] Day 17 Day (in relation to arrival date)","int",,,,,"A8AE6C07-18AF-489B-9442-A01FF574B00CD"
1,1,174,"Animal Training","day17time",,"Day 17 Time","varchar",,,,,"4913862E-A804-4456-82DF-3DED3E601DBC"
1,1,175,"Animal Training","day17_treadmillspeed",,"Day 17 Treadmill Speed","numeric",,,,,"E066FB9E-C372-43BD-ACB1-F61C6314E595"
1,1,176,"Animal Training","day17_treadmillincline",,"Day 17 Treadmill Incline","numeric",,,,,"D36E5535-370B-403D-9739-89A2F4F8C932"
1,1,177,"Animal Training","day17_timeontreadmill",,"Day 17 Time on Treadmill","int",,,,,"7B03539A-A3B7-4823-91BF-F1B44DD5F3D9"
1,1,178,"Animal Training","day17_weight",,"Day 17 Weight","numeric",,,,,"0AD1A197-9827-44E7-BBDE-F7961CD7A178"
1,1,179,"Animal Training","day17_posttrainlact",,"Day 17 Post-training Lactate","numeric",,,,,"F13B6D65-0C09-4094-AD10-F630E614B0B0"
1,1,180,"Animal Training","day17_score",,"Day 17 Score","int",,,1,4,"7A329357-5E2C-46E6-94A7-9AE3423A7911"
2,1,181,"Animal Training","day17_comments",,"Day 17 Comments","varchar(MAX)",,,,,"BDADF001-385E-4BC9-8D5B-1DE40FAD228F"
3,1,182,"Animal Training","day18date",,"Day 18 Date","datetime",,,,,"730CD551-B11B-48D9-9115-CB5C17A8169D"
1,1,183,"Animal Training","day18_days",1,"[C] Day 18 Day (in relation to arrival date)","int",,,,,"730CD551-B11B-48D9-9115-CB5C17A8169DD"
1,1,184,"Animal Training","day18time",,"Day 18 Time","varchar",,,,,"46651167-C454-4661-BF76-5FE77B644D42"
1,1,185,"Animal Training","day18_treadmillspeed",,"Day 18 Treadmill Speed","numeric",,,,,"60B21D23-E772-4C2C-981C-542E710244BB"
1,1,186,"Animal Training","day18_treadmillincline",,"Day 18 Treadmill Incline","numeric",,,,,"87350A44-9B3B-406D-948D-4C763E308084"
1,1,187,"Animal Training","day18_timeontreadmill",,"Day 18 Time on Treadmill","int",,,,,"EBA8FA60-7E16-4884-B3D8-985414F8E8BB"
1,1,188,"Animal Training","day18_weight",,"Day 18 Weight","numeric",,,,,"D6E45A46-C24A-489D-9EBB-3BB25B9D4B42"
1,1,189,"Animal Training","day18_posttrainlact",,"Day 18 Post-training Lactate","numeric",,,,,"179ADE8F-B278-49EE-8850-32ECCF1AB4BE"
1,1,190,"Animal Training","day18_score",,"Day 18 Score","int",,,1,4,"EA2E603A-CC2A-42EA-97C8-2A8EE90003FC"
2,1,191,"Animal Training","day18_comments",,"Day 18 Comments","varchar(MAX)",,,,,"CB2A03DC-3A35-4A9A-B08E-D7C3CEAA2393"
3,1,192,"Animal Training","day19date",,"Day 19 Date","datetime",,,,,"4D20AB3D-13D6-4AE9-8286-9524F0ED5F9B"
1,1,193,"Animal Training","day19_days",1,"[C] Day 19 Day (in relation to arrival date)","int",,,,,"4D20AB3D-13D6-4AE9-8286-9524F0ED5F9BD"
1,1,194,"Animal Training","day19time",,"Day 19 Time","varchar",,,,,"85767739-AFA3-4F12-BFE1-ED57FEE7AD6C"
1,1,195,"Animal Training","day19_treadmillspeed",,"Day 19 Treadmill Speed","numeric",,,,,"853C033E-D54B-4086-AD50-23DC249312C7"
1,1,196,"Animal Training","day19_treadmillincline",,"Day 19 Treadmill Incline","numeric",,,,,"2494AE86-662B-452B-A026-0B12BBD00593"
1,1,197,"Animal Training","day19_timeontreadmill",,"Day 19 Time on Treadmill","int",,,,,"9C884325-44A3-4A3C-9A2D-2B5435E1EC93"
1,1,198,"Animal Training","day19_weight",,"Day 19 Weight","numeric",,,,,"A4D36491-79E0-4913-B7D5-5CF81B28C66D"
1,1,199,"Animal Training","day19_posttrainlact",,"Day 19 Post-training Lactate","numeric",,,,,"D6E3EF65-2AEC-4FA9-B172-61DFA9BAECC8"
1,1,200,"Animal Training","day19_score",,"Day 19 Score","int",,,1,4,"A1506D9A-94B0-44EB-A2AD-A066EFADDB2B"
2,1,201,"Animal Training","day19_comments",,"Day 19 Comments","varchar(MAX)",,,,,"6483EB8C-0AC6-41B9-9167-79E81D1F8E43"
3,1,202,"Animal Training","day20date",,"Day 20 Date","datetime",,,,,"DB5BCBD6-12E3-43FA-80EC-344762127441"
1,1,203,"Animal Training","day20_days",1,"[C] Day 20 Day (in relation to arrival date)","int",,,,,"DB5BCBD6-12E3-43FA-80EC-344762127441D"
1,1,204,"Animal Training","day20time",,"Day 20 Time","varchar",,,,,"A0E578EE-0D45-4626-A690-2C44425CC3A4"
1,1,205,"Animal Training","day20_treadmillspeed",,"Day 20 Treadmill Speed","numeric",,,,,"D468C6E9-3829-4C3B-920C-BB72AEB5E5FE"
1,1,206,"Animal Training","day20_treadmillincline",,"Day 20 Treadmill Incline","numeric",,,,,"60314006-078E-4A43-B2D0-655F75660F27"
1,1,207,"Animal Training","day20_timeontreadmill",,"Day 20 Time on Treadmill","int",,,,,"D9EAD3B8-B5FB-4B69-A2F0-44682852B5F9"
1,1,208,"Animal Training","day20_weight",,"Day 20 Weight","numeric",,,,,"6348AB3A-E4E3-42C5-A1B2-B9058A53B8DE"
1,1,209,"Animal Training","day20_posttrainlact",,"Day 20 Post-training Lactate","numeric",,,,,"F12D91A1-250E-4132-864A-4AF6D105E28D"
1,1,210,"Animal Training","day20_score",,"Day 20 Score","int",,,1,4,"F9993D65-37EB-4EF7-8797-7BAA7C62ECF6"
2,1,211,"Animal Training","day20_comments",,"Day 20 Comments","varchar(MAX)",,,,,"5C838211-65F0-4ADD-91C0-D04A2B063775"
3,1,212,"Animal Training","day21date",,"Day 21 Date","datetime",,,,,"84BB628A-C1F4-477C-B535-FAFF8EDE80E4"
1,1,213,"Animal Training","day21_days",1,"[C] Day 21 Day (in relation to arrival date)","int",,,,,"84BB628A-C1F4-477C-B535-FAFF8EDE80E4D"
1,1,214,"Animal Training","day21time",,"Day 21 Time","varchar",,,,,"4D8D24A4-34C7-4506-851D-52F44315AB68"
1,1,215,"Animal Training","day21_treadmillspeed",,"Day 21 Treadmill Speed","numeric",,,,,"9AE0DF77-A63C-4950-A330-78FB5DE13B8D"
1,1,216,"Animal Training","day21_treadmillincline",,"Day 21 Treadmill Incline","numeric",,,,,"55B4177D-04A4-4228-9373-FCD33C332152"
1,1,217,"Animal Training","day21_timeontreadmill",,"Day 21 Time on Treadmill","int",,,,,"80ABF421-4DA6-4FC8-869A-3480DA0B9F3D"
1,1,218,"Animal Training","day21_weight",,"Day 21 Weight","numeric",,,,,"8E5C8D08-160B-4602-97E1-60EC68FDC90A"
1,1,219,"Animal Training","day21_posttrainlact",,"Day 21 Post-training Lactate","numeric",,,,,"91BAD815-AC9A-44D4-B744-693248201D1E"
1,1,220,"Animal Training","day21_score",,"Day 21 Score","int",,,1,4,"019541A4-806A-4BF0-ABB8-E68D6FC898A9"
2,1,221,"Animal Training","day21_comments",,"Day 21 Comments","varchar(MAX)",,,,,"E8427140-980E-40BF-9E65-39AF1E751137"
3,1,222,"Animal Training","day22date",,"Day 22 Date","datetime",,,,,"C2CC53ED-54B4-4AF1-AD4D-071562BF0DF5"
1,1,223,"Animal Training","day22_days",1,"[C] Day 22 Day (in relation to arrival date)","int",,,,,"C2CC53ED-54B4-4AF1-AD4D-071562BF0DF5D"
1,1,224,"Animal Training","day22time",,"Day 22 Time","varchar",,,,,"53F95A57-E7F0-47F5-95C3-3EA827F7FCBA"
1,1,225,"Animal Training","day22_treadmillspeed",,"Day 22 Treadmill Speed","numeric",,,,,"BE28FB8F-DC0F-4124-984E-697A36E7B3BD"
1,1,226,"Animal Training","day22_treadmillincline",,"Day 22 Treadmill Incline","numeric",,,,,"E6549382-2373-4228-A8A3-8FB1C96B69F6"
1,1,227,"Animal Training","day22_timeontreadmill",,"Day 22 Time on Treadmill","int",,,,,"97A16D9D-64A6-4B41-A6C5-5167ED66A5A0"
1,1,228,"Animal Training","day22_weight",,"Day 22 Weight","numeric",,,,,"E5BAFC60-BE28-442E-AF11-02AE13BC8221"
1,1,229,"Animal Training","day22_posttrainlact",,"Day 22 Post-training Lactate","numeric",,,,,"E89912C3-D32D-4737-B8F8-5EA278D5FE31"
1,1,230,"Animal Training","day22_score",,"Day 22 Score","int",,,1,4,"09978FF2-98BD-4F0D-9A29-92ECB9B8AED3"
2,1,231,"Animal Training","day22_comments",,"Day 22 Comments","varchar(MAX)",,,,,"DFBAC188-CB0E-4BBD-B7B0-B31C4795317F"
3,1,232,"Animal Training","day23date",,"Day 23 Date","datetime",,,,,"09D15318-0C9E-4B23-A064-D9AE98AD686B"
1,1,233,"Animal Training","day23_days",1,"[C] Day 23 Day (in relation to arrival date)","int",,,,,"09D15318-0C9E-4B23-A064-D9AE98AD686BD"
1,1,234,"Animal Training","day23time",,"Day 23 Time","varchar",,,,,"6EC97908-203C-4A5A-A3F8-864BB1891D62"
1,1,235,"Animal Training","day23_treadmillspeed",,"Day 23 Treadmill Speed","numeric",,,,,"554FCD12-5CD5-4D74-85D4-0B17C5BA261C"
1,1,236,"Animal Training","day23_treadmillincline",,"Day 23 Treadmill Incline","numeric",,,,,"39ABF26F-145D-469A-AD73-8FC6A64CFBCC"
1,1,237,"Animal Training","day23_timeontreadmill",,"Day 23 Time on Treadmill","int",,,,,"E9D48370-4B99-49F6-9BEB-F90D89842BD8"
1,1,238,"Animal Training","day23_weight",,"Day 23 Weight","numeric",,,,,"2B8ADA5A-A7D8-4BF6-8E28-2C804EB3301A"
1,1,239,"Animal Training","day23_posttrainlact",,"Day 23 Post-training Lactate","numeric",,,,,"6F747EB7-4212-4DE8-BBC1-8E7A3671C3FA"
1,1,240,"Animal Training","day23_score",,"Day 23 Score","int",,,1,4,"4F1B3DE9-06D1-4E2F-9778-A8BC2E3C9272"
2,1,241,"Animal Training","day23_comments",,"Day 23 Comments","varchar(MAX)",,,,,"048D8CFA-FFF8-4B05-A91E-51DEFE072875"
3,1,242,"Animal Training","day24date",,"Day 24 Date","datetime",,,,,"37C42643-B7DC-4035-98BF-C3D068C2CA3D"
1,1,243,"Animal Training","day24_days",1,"[C] Day 24 Day (in relation to arrival date)","int",,,,,"37C42643-B7DC-4035-98BF-C3D068C2CA3DD"
1,1,244,"Animal Training","day24time",,"Day 24 Time","varchar",,,,,"C0699001-A8E2-479D-98B0-3FE2D219835E"
1,1,245,"Animal Training","day24_treadmillspeed",,"Day 24 Treadmill Speed","numeric",,,,,"CED8850C-E3A4-4534-9E52-7A3CA53DC36A"
1,1,246,"Animal Training","day24_treadmillincline",,"Day 24 Treadmill Incline","numeric",,,,,"5FB7398A-4CC2-4D60-9D5A-7AEE76B2A198"
1,1,247,"Animal Training","day24_timeontreadmill",,"Day 24 Time on Treadmill","int",,,,,"52CEE61F-BD33-4B65-9E47-3BBD20E6BDC5"
1,1,248,"Animal Training","day24_weight",,"Day 24 Weight","numeric",,,,,"FEBDB204-40AB-4032-96C3-E747AC11DB97"
1,1,249,"Animal Training","day24_posttrainlact",,"Day 24 Post-training Lactate","numeric",,,,,"7C9A2992-7FC8-4285-9C2F-C2669BF090BA"
1,1,250,"Animal Training","day24_score",,"Day 24 Score","int",,,1,4,"316E1162-36E3-47F4-B29D-05ED115BAC67"
2,1,251,"Animal Training","day24_comments",,"Day 24 Comments","varchar(MAX)",,,,,"7910FA86-D76B-4157-958B-8D2CFAE79268"
3,1,252,"Animal Training","day25date",,"Day 25 Date","datetime",,,,,"CEE917D9-8D45-4ACE-86C8-1CD866017A2D"
1,1,253,"Animal Training","day25_days",1,"[C] Day 25 Day (in relation to arrival date)","int",,,,,"CEE917D9-8D45-4ACE-86C8-1CD866017A2DD"
1,1,254,"Animal Training","day25time",,"Day 25 Time","varchar",,,,,"8C1D5977-A980-4312-9C3C-6DEAB2332D97"
1,1,255,"Animal Training","day25_treadmillspeed",,"Day 25 Treadmill Speed","numeric",,,,,"5B7CF5CE-3C2E-49F0-AE35-A5A8D6E4D671"
1,1,256,"Animal Training","day25_treadmillincline",,"Day 25 Treadmill Incline","numeric",,,,,"8A5F958D-91F3-4D52-8E24-7AB0FF2C5073"
1,1,257,"Animal Training","day25_timeontreadmill",,"Day 25 Time on Treadmill","int",,,,,"5CF1EDBA-9E33-49F3-9DF3-4E250449F22E"
1,1,258,"Animal Training","day25_weight",,"Day 25 Weight","numeric",,,,,"FC24E14C-4DF0-45A9-BE7E-E75E0D09DF05"
1,1,259,"Animal Training","day25_posttrainlact",,"Day 25 Post-training Lactate","numeric",,,,,"405C1B16-B438-468C-9E0B-3FF3F789A388"
1,1,260,"Animal Training","day25_score",,"Day 25 Score","int",,,1,4,"4C1892E4-A9F2-4112-AB32-0F77C6C34446"
2,1,261,"Animal Training","day25_comments",,"Day 25 Comments","varchar(MAX)",,,,,"C5635F36-6743-435C-B52C-A8225FA53EFD"
3,1,262,"Animal Training","day26date",,"Day 26 Date","datetime",,,,,"F2B24085-9664-4D8E-A831-AF4EEE5EF158"
1,1,263,"Animal Training","day26_days",1,"[C] Day 26 Day (in relation to arrival date)","int",,,,,"F2B24085-9664-4D8E-A831-AF4EEE5EF158D"
1,1,264,"Animal Training","day26time",,"Day 26 Time","varchar",,,,,"ECADA309-A9F3-48BC-8AD7-2215B645F182"
1,1,265,"Animal Training","day26_treadmillspeed",,"Day 26 Treadmill Speed","numeric",,,,,"DC2374D5-CDF5-408C-AE93-DF1586AC562A"
1,1,266,"Animal Training","day26_treadmillincline",,"Day 26 Treadmill incline","numeric",,,,,"0B2CD802-78A9-4D62-9413-FEC8494C76BB"
1,1,267,"Animal Training","day26_timeontreadmill",,"Day 26 Time on Treadmill","int",,,,,"5CF223FC-9314-40F8-897A-30E661C94963"
1,1,268,"Animal Training","day26_weight",,"Day 26 Weight","numeric",,,,,"6388A565-84FE-4A2A-8B98-A169B31EE53D"
1,1,269,"Animal Training","day26_posttrainlact",,"Day 26 Post-training Lactate","numeric",,,,,"51C4126C-3E98-46D7-B954-B4777709DE04"
1,1,270,"Animal Training","day26_score",,"Day 26 Score","int",,,1,4,"7438D951-A123-4423-BCEB-AB6D5ECFD075"
2,1,271,"Animal Training","day26_comments",,"Day 26 Comments","varchar(MAX)",,,,,"50969319-642F-4D14-8050-15E23EAEB045"
3,1,272,"Animal Training","day27date",,"Day 27 Date","datetime",,,,,"68937383-DC59-43EF-8C10-2412528F2B1F"
1,1,273,"Animal Training","day27_days",1,"[C] Day 27 Day (in relation to arrival date)","int",,,,,"68937383-DC59-43EF-8C10-2412528F2B1FD"
1,1,274,"Animal Training","day27time",,"Day 27 Time","varchar",,,,,"57081B9B-9D8B-4DE9-B548-331E4B90EF75"
1,1,275,"Animal Training","day27_treadmillspeed",,"Day 27 Treadmill Speed","numeric",,,,,"17952D29-4565-426C-9A35-3863D2EE1AB8"
1,1,276,"Animal Training","day27_treadmillincline",,"Day 27 Treadmill Incline","numeric",,,,,"5ABBCCEF-294F-4DD6-A49F-C050EC681127"
1,1,277,"Animal Training","day27_timeontreadmill",,"Day 27 Time on Treadmill","int",,,,,"302BEA15-7C11-4070-BEF7-620587279452"
1,1,278,"Animal Training","day27_weight",,"Day 27 Weight","numeric",,,,,"86485B42-10F1-430B-AAAD-EE95D88B860C"
1,1,279,"Animal Training","day27_posttrainlact",,"Day 27 Post-training Lactate","numeric",,,,,"2881C955-6C4B-4ED9-88D4-D2D0C2B0A872"
1,1,280,"Animal Training","day27_score",,"Day 27 Score","int",,,1,4,"FCB65359-38AF-4B15-A8D3-7061DEADF9F6"
2,1,281,"Animal Training","day27_comments",,"Day 27 Comments","varchar(MAX)",,,,,"53A6B092-7CE7-4DAD-8068-93E172955797"
3,1,282,"Animal Training","day28date",,"Day 28 Date","datetime",,,,,"BFF039A3-50C5-4462-B984-E376D2CF1DD2"
1,1,283,"Animal Training","day28_days",1,"[C] Day 28 Day (in relation to arrival date)","int",,,,,"BFF039A3-50C5-4462-B984-E376D2CF1DD2D"
1,1,284,"Animal Training","day28time",,"Day 28 Time","varchar",,,,,"66AEE0D5-1C19-4A6D-B91F-1578D07BDF35"
1,1,285,"Animal Training","day28_treadmillspeed",,"Day 28 Treadmill Speed","numeric",,,,,"3964B254-E0DE-4623-8F92-D44EC51FE9E9"
1,1,286,"Animal Training","day28_treadmillincline",,"Day 28 Treadmill Incline","numeric",,,,,"88F3D298-2BD0-4BF3-BBD9-DC8B9A9DC1E2"
1,1,287,"Animal Training","day28_timeontreadmill",,"Day 28 Time on Treadmill","int",,,,,"1FB59A87-1997-4DD4-9B64-D88DBF274915"
1,1,288,"Animal Training","day28_weight",,"Day 28 Weight","numeric",,,,,"06915304-04D7-43A4-A427-E28CDF468D01"
1,1,289,"Animal Training","day28_posttrainlact",,"Day 28 Post-training Lactate","numeric",,,,,"BDFEAC2C-516A-4024-8E27-19AFBAA3580C"
1,1,290,"Animal Training","day28_score",,"Day 28 Score","int",,,1,4,"EC90D16E-990E-43CC-8F15-9CB66CAB7325"
2,1,291,"Animal Training","day28_comments",,"Day 28 Comments","varchar(MAX)",,,,,"F26ED5A8-94B1-4EA9-95F6-DA3440643CE8"
3,1,292,"Animal Training","day29date",,"Day 29 Date","datetime",,,,,"A61B6017-B622-4C2B-A80E-9FED43D979F6"
1,1,293,"Animal Training","day29_days",1,"[C] Day 29 Day (in relation to arrival date)","int",,,,,"A61B6017-B622-4C2B-A80E-9FED43D979F6D"
1,1,294,"Animal Training","day29time",,"Day 29 Time","varchar",,,,,"9AB3E9AA-AFD7-4641-B83B-6515F37C42A6"
1,1,295,"Animal Training","day29_treadmillspeed",,"Day 29 Treadmill Speed","numeric",,,,,"6A683F95-9A1F-4BDD-9BEE-74F65F5E2625"
1,1,296,"Animal Training","day29_treadmillincline",,"Day 29 Treadmill Incline","numeric",,,,,"379CB624-DB7E-4A72-99B5-AEEC419BA2ED"
1,1,297,"Animal Training","day29_timeontreadmill",,"Day 29 Time on Treadmill","int",,,,,"2DBA4118-C190-4D22-9B79-D08EFAB075A2"
1,1,298,"Animal Training","day29_weight",,"Day 29 Weight","numeric",,,,,"A798EF69-7925-4045-93D1-863308D90754"
1,1,299,"Animal Training","day29_posttrainlact",,"Day 29 Post-training Lactate","numeric",,,,,"195021F2-CCEC-4D3A-B6B8-19A3181CA362"
1,1,300,"Animal Training","day29_score",,"Day 29 Score","int",,,1,4,"C40D586D-8CD8-403A-9FAD-5C989E394702"
2,1,301,"Animal Training","day29_comments",,"Day 29 Comments","varchar(MAX)",,,,,"BFF11A0A-3CB4-4623-B88F-255DC0693253"
3,1,302,"Animal Training","day30date",,"Day 30 Date","datetime",,,,,"7047997D-FCEA-4E3D-94B0-F5F4E7C0C7E0"
1,1,303,"Animal Training","day30_days",1,"[C] Day 30 Day (in relation to arrival date)","int",,,,,"7047997D-FCEA-4E3D-94B0-F5F4E7C0C7E0D"
1,1,304,"Animal Training","day30time",,"Day 30 Time","varchar",,,,,"DFB905A4-49D7-4567-9FC8-6EC537658054"
1,1,305,"Animal Training","day30_treadmillspeed",,"Day 30 Treadmill Speed","numeric",,,,,"33090310-AE28-42B5-814C-79280E510D24"
1,1,306,"Animal Training","day30_treadmillincline",,"Day 30 Treadmill Incline","numeric",,,,,"2F465393-8BC2-4246-8BC2-06F28C1EAC16"
1,1,307,"Animal Training","day30_timeontreadmill",,"Day 30 Time on Treadmill","int",,,,,"E6D362ED-C226-489B-A6F8-42211065229E"
1,1,308,"Animal Training","day30_weight",,"Day 30 Weight","numeric",,,,,"C63F2A4A-E631-4794-9225-254E1AD8323A"
1,1,309,"Animal Training","day30_posttrainlact",,"Day 30 Post-training Lactate","numeric",,,,,"B8E1C518-85EB-4423-864D-E18506BD836F"
1,1,310,"Animal Training","day30_score",,"Day 30 Score","int",,,1,4,"EDF0C94A-4FB7-4DE7-A9AC-A985B23CF99D"
2,1,311,"Animal Training","day30_comments",,"Day 30 Comments","varchar(MAX)",,,,,"303E83A2-9B7C-41A0-B970-523CE35AD619"
3,1,312,"Animal Training","day31date",,"Day 31 Date","datetime",,,,,"1F0EA98A-6B39-4F47-9ED0-B3A4AABE5744"
1,1,313,"Animal Training","day31_days",1,"[C] Day 31 Day (in relation to arrival date)","int",,,,,"1F0EA98A-6B39-4F47-9ED0-B3A4AABE5744D"
1,1,314,"Animal Training","day31time",,"Day 31 Time","varchar",,,,,"47940DF7-1435-48D9-8FF2-2C3335F6DCB8"
1,1,315,"Animal Training","day31_treadmillspeed",,"Day 31 Treadmill Speed","numeric",,,,,"7BC0B0EB-B120-423F-92CE-76BAA003DF24"
1,1,316,"Animal Training","day31_treadmillincline",,"Day 31 Treadmill Incline","numeric",,,,,"D0FFB36A-0523-4D11-A74A-603985663CC7"
1,1,317,"Animal Training","day31_timeontreadmill",,"Day 31 Time on Treadmill","int",,,,,"CE559E11-0C13-4C21-A042-3AC21F8CF44A"
1,1,318,"Animal Training","day31_weight",,"Day 31 Weight","numeric",,,,,"C8B2CEBE-9F5B-43FC-97F1-ECFDE5C4906B"
1,1,319,"Animal Training","day31_posttrainlact",,"Day 31 Post-training Lactate","numeric",,,,,"AA68A51E-6C0F-4655-9290-CFCB5310B245"
1,1,320,"Animal Training","day31_score",,"Day 31 Score","int",,,1,4,"3BE3E583-106B-46FB-9E48-522CD793ADED"
2,1,321,"Animal Training","day31_comments",,"Day 31 Comments","varchar(MAX)",,,,,"0D21FD63-DAD6-4D9D-AD48-21A495C9B8D7"
3,1,322,"Animal Training","day32date",,"Day 32 Date","datetime",,,,,"03D38AD8-3255-4390-ADDB-4DD7271CDC65"
1,1,323,"Animal Training","day32_days",1,"[C] Day 32 Day (in relation to arrival date)","int",,,,,"03D38AD8-3255-4390-ADDB-4DD7271CDC65D"
1,1,324,"Animal Training","day32time",,"Day 32 Time","varchar",,,,,"DD2EB49D-4F6D-4AC0-98AB-4028CC6EC735"
1,1,325,"Animal Training","day32_treadmillspeed",,"Day 32 Treadmill Speed","numeric",,,,,"5D8D6FF3-8141-4F3C-A9C0-84BB0570470F"
1,1,326,"Animal Training","day32_treadmillincline",,"Day 32 Treadmill Incline","numeric",,,,,"09EEE49E-E331-4EA3-A034-0D8DC0AA9129"
1,1,327,"Animal Training","day32_timeontreadmill",,"Day 32 Time on Treadmill","int",,,,,"3C32CA3F-3595-4ECA-A148-C6AF86E12EAF"
1,1,328,"Animal Training","day32_weight",,"Day 32 Weight","numeric",,,,,"FF9E6631-081D-476E-88EC-9CDAF012D05F"
1,1,329,"Animal Training","day32_posttrainlact",,"Day 32 Post-training Lactate","numeric",,,,,"50E937B3-ABE8-4933-BAAF-0E4D541CC01C"
1,1,330,"Animal Training","day32_score",,"Day 32 Score","int",,,1,4,"B04D224F-440D-4ABE-92A6-308CA6C3EAF8"
2,1,331,"Animal Training","day32_comments",,"Day 32 Comments","varchar(MAX)",,,,,"4DD0FC10-B9C3-4A3E-82C3-E1A66799F1BD"
3,1,332,"Animal Training","day33date",,"Day 33 Date","datetime",,,,,"9494F4DB-D920-4449-95C8-F7B299F38788"
1,1,333,"Animal Training","day33_days",1,"[C] Day 33 Day (in relation to arrival date)","int",,,,,"9494F4DB-D920-4449-95C8-F7B299F38788D"
1,1,334,"Animal Training","day33time",,"Day 33 Time","varchar",,,,,"0A44BEBF-BD1C-4C03-95DE-B24EF28FB579"
1,1,335,"Animal Training","day33_treadmillspeed",,"Day 33 Treadmill Speed","numeric",,,,,"012B3A1C-1FA7-4C24-B561-015B94684746"
1,1,336,"Animal Training","day33_treadmillincline",,"Day 33 Treadmill Incline","numeric",,,,,"CB826166-1784-43F3-9546-B758FBF688DD"
1,1,337,"Animal Training","day33_timeontreadmill",,"Day 33 Time on Treadmill","int",,,,,"6C6A59F1-72FA-4C94-992D-A263B4A704B1"
1,1,338,"Animal Training","day33_weight",,"Day 33 Weight","numeric",,,,,"09F9623A-47F1-4A5C-B736-4F3247865192"
1,1,339,"Animal Training","day33_posttrainlact",,"Day 33 Post-training Lactate","numeric",,,,,"D874AE75-D978-4E97-B242-FB2247E611F2"
1,1,340,"Animal Training","day33_score",,"Day 33 Score","int",,,1,4,"ECF9FF6E-6555-433A-ADBE-99EBBCB7BE59"
2,1,341,"Animal Training","day33_comments",,"Day 33 Comments","varchar(MAX)",,,,,"AB71E07E-D761-4732-B74F-9D4288F5185B"
3,1,342,"Animal Training","day34date",,"Day 34 Date","datetime",,,,,"D3A17464-6E5E-460B-A01D-91F9A9E82ABF"
1,1,343,"Animal Training","day34_days",1,"[C] Day 34 Day (in relation to arrival date)","int",,,,,"D3A17464-6E5E-460B-A01D-91F9A9E82ABFD"
1,1,344,"Animal Training","day34time",,"Day 34 Time","varchar",,,,,"562B5398-3C4E-41C5-97F7-7A2FF207D3CC"
1,1,345,"Animal Training","day34_treadmillspeed",,"Day 34 Treadmill Speed","numeric",,,,,"ABC47CF2-756A-40D8-8EC9-71A27A59487A"
1,1,346,"Animal Training","day34_treadmillincline",,"Day 34 Treadmill incline","numeric",,,,,"949CF897-06AD-473F-B74D-DAA2C416B39E"
1,1,347,"Animal Training","day34_timeontreadmill",,"Day 34 Time on Treadmill","int",,,,,"05FFAC3D-BBB8-4696-9D72-DD100CD1E30A"
1,1,348,"Animal Training","day34_weight",,"Day 34 Weight","numeric",,,,,"0893B7D1-E17B-4DF4-8C0B-57D89CC6662F"
1,1,349,"Animal Training","day34_posttrainlact",,"Day 34 Post-training Lactate","numeric",,,,,"553C10AF-92AB-446A-9D96-3022997ED836"
1,1,350,"Animal Training","day34_score",,"Day 34 Score","int",,,1,4,"6514A14C-0099-4102-8AE5-9B008B4DC10F"
2,1,351,"Animal Training","day34_comments",,"Day 34 Comments","varchar(MAX)",,,,,"BBEEAF76-C45F-4E2C-AD61-D828420D8FAE"
3,1,352,"Animal Training","day35date",,"Day 35 Date","datetime",,,,,"560EE32E-909E-4784-A5E8-FDE2146DF919"
1,1,353,"Animal Training","day35_days",1,"[C] Day 35 Day (in relation to arrival date)","int",,,,,"560EE32E-909E-4784-A5E8-FDE2146DF919D"
1,1,354,"Animal Training","day35time",,"Day 35 Time","varchar",,,,,"C41E435E-7E83-4725-9E8A-590785D1C129"
1,1,355,"Animal Training","day35_treadmillspeed",,"Day 35 Treadmill Speed","numeric",,,,,"92B8E90D-CDA5-41DC-8328-29294C45EDFE"
1,1,356,"Animal Training","day35_treadmillincline",,"Day 35 Treadmill Incline","numeric",,,,,"8B280DBA-755A-4C7E-9EE7-3CA5E43771EF"
1,1,357,"Animal Training","day35_timeontreadmill",,"Day 35 Time on Treadmill","int",,,,,"9466CAF0-B3AF-4EE1-B66C-7D50C0C65079"
1,1,358,"Animal Training","day35_weight",,"Day 35 Weight","numeric",,,,,"2C01FBB1-893E-467F-B4D6-258BC88C7EBD"
1,1,359,"Animal Training","day35_posttrainlact",,"Day 35 Post-training Lactate","numeric",,,,,"9711E5E2-22E5-45C0-A727-4BE181F89B7A"
1,1,360,"Animal Training","day35_score",,"Day 35 Score","int",,,1,4,"BAB4075C-384C-43CE-BB13-0819C50A95B4"
2,1,361,"Animal Training","day35_comments",,"Day 35 Comments","varchar(MAX)",,,,,"3C06DDAA-3E87-473D-A3BF-9551FE3E51F6"
3,1,362,"Animal Training","day36date",,"Day 36 Date","datetime",,,,,"3DB7F1A7-15C5-4C02-BF93-0F97E9BF68EE"
1,1,363,"Animal Training","day36_days",1,"[C] Day 36 Day (in relation to arrival date)","int",,,,,"3DB7F1A7-15C5-4C02-BF93-0F97E9BF68EED"
1,1,364,"Animal Training","day36time",,"Day 36 Time","varchar",,,,,"B6591D59-532F-46EA-B2B2-0123E550ED15"
1,1,365,"Animal Training","day36_treadmillspeed",,"Day 36 Treadmill Speed","numeric",,,,,"B46A2709-C64C-46C4-BB00-2FD207B089C0"
1,1,366,"Animal Training","day36_treadmillincline",,"Day 36 Treadmill Incline","numeric",,,,,"ECDB9137-E6D7-4272-8A87-0484987153E9"
1,1,367,"Animal Training","day36_timeontreadmill",,"Day 36 Time on Treadmill","int",,,,,"6F673668-B373-4152-9E72-67E4DEBECC15"
1,1,368,"Animal Training","day36_weight",,"Day 36 Weight","numeric",,,,,"1501F280-1912-4F6F-AEAD-A7F2D68C8F97"
1,1,369,"Animal Training","day36_posttrainlact",,"Day 36 Post-training Lactate","numeric",,,,,"F1AC519F-40B9-4EF9-957D-00CB69A2D818"
1,1,370,"Animal Training","day36_score",,"Day 36 Score","int",,,1,4,"7DAD6845-098B-4A37-9101-2B752F27CE9B"
2,1,371,"Animal Training","day36_comments",,"Day 36 Comments","varchar(MAX)",,,,,"CE78596D-0892-4476-8F25-99EB6436FD4D"
3,1,372,"Animal Training","day37date",,"Day 37 Date","datetime",,,,,"B23E16FB-E9BA-4B67-BD9F-59B9FE530435"
1,1,373,"Animal Training","day37_days",1,"[C] Day 37 Day (in relation to arrival date)","int",,,,,"B23E16FB-E9BA-4B67-BD9F-59B9FE530435D"
1,1,374,"Animal Training","day37time",,"Day 37 Time","varchar",,,,,"8B417829-4F66-4C66-AB1F-1B50EBE2BD79"
1,1,375,"Animal Training","day37_treadmillspeed",,"Day 37 Treadmill Speed","numeric",,,,,"AFFD7813-92C6-4228-9603-0BBA3C15EA86"
1,1,376,"Animal Training","day37_treadmillincline",,"Day 37 Treadmill Incline","numeric",,,,,"E1CB81CB-1C4E-4D6D-8385-1E956223CA19"
1,1,377,"Animal Training","day37_timeontreadmill",,"Day 37 Time on Treadmill","int",,,,,"3FC17AA6-AF73-40D1-ACD6-1ED582DAC49E"
1,1,378,"Animal Training","day37_weight",,"Day 37 Weight","numeric",,,,,"59949EE5-7637-456C-B446-AF4A459DAF64"
1,1,379,"Animal Training","day37_posttrainlact",,"Day 37 Post-training Lactate","numeric",,,,,"8748F275-C8AD-4971-8891-09D017AAE116"
1,1,380,"Animal Training","day37_score",,"Day 37 Score","int",,,1,4,"7B8E0CF3-270A-4F29-9FBE-1045EC60B5A0"
2,1,381,"Animal Training","day37_comments",,"Day 37 Comments","varchar(MAX)",,,,,"C515C81D-3800-42FC-890F-4C9A7212F2E5"
3,1,382,"Animal Training","day38date",,"Day 38 Date","datetime",,,,,"157ABFA2-8193-4A6A-99F3-E71D6442EB40"
1,1,383,"Animal Training","day38_days",1,"[C] Day 38 Day (in relation to arrival date)","int",,,,,"157ABFA2-8193-4A6A-99F3-E71D6442EB40D"
1,1,384,"Animal Training","day38time",,"Day 38 Time","varchar",,,,,"4D88F344-52A7-4244-9777-EFD54616B2E9"
1,1,385,"Animal Training","day38_treadmillspeed",,"Day 38 Treadmill Speed","numeric",,,,,"089530E2-8926-43B7-8AC8-76F021B6B230"
1,1,386,"Animal Training","day38_treadmillincline",,"Day 38 Treadmill Incline","numeric",,,,,"C0990BF1-045C-47F2-A095-CA1C50BC83C5"
1,1,387,"Animal Training","day38_timeontreadmill",,"Day 38 Time on Treadmill","int",,,,,"6D9674CA-E0A0-4E96-9560-13CF5F8384F9"
1,1,388,"Animal Training","day38_weight",,"Day 38 Weight","numeric",,,,,"03F8C499-0EE8-42EA-97C8-2205989D1231"
1,1,389,"Animal Training","day38_posttrainlact",,"Day 38 Post-training Lactate","numeric",,,,,"A2557A2C-6490-479D-9DA9-126A3A833022"
1,1,390,"Animal Training","day38_score",,"Day 38 Score","int",,,1,4,"361EA4F4-3208-4507-91B4-A2E3BF7BB1C7"
2,1,391,"Animal Training","day38_comments",,"Day 38 Comments","varchar(MAX)",,,,,"02D1BC23-21D3-4C30-8626-27FB4F8DB8DA"
3,1,392,"Animal Training","day39date",,"Day 39 Date","datetime",,,,,"8293FE3E-7696-4509-A0BA-D6BF591434DC"
1,1,393,"Animal Training","day39_days",1,"[C] Day 39 Day (in relation to arrival date)","int",,,,,"8293FE3E-7696-4509-A0BA-D6BF591434DCD"
1,1,394,"Animal Training","day39time",,"Day 39 Time","varchar",,,,,"97F12362-BEF9-4345-A144-A1EB6BB9F6EB"
1,1,395,"Animal Training","day39_treadmillspeed",,"Day 39 Treadmill Speed","numeric",,,,,"09AA8552-3EBC-428D-AC75-1A53972AB137"
1,1,396,"Animal Training","day39_treadmillincline",,"Day 39 Treadmill Incline","numeric",,,,,"C1E9AB4E-785A-4377-91CC-396EC790094B"
1,1,397,"Animal Training","day39_timeontreadmill",,"Day 39 Time on Treadmill","int",,,,,"5CB65FB2-46EE-4E06-B5DE-5FACEA3B95E2"
1,1,398,"Animal Training","day39_weight",,"Day 39 Weight","numeric",,,,,"01C35A0A-AC37-41C6-9912-17A32735A61A"
1,1,399,"Animal Training","day39_posttrainlact",,"Day 39 Post-training Lactate","numeric",,,,,"D22351B3-CFAA-487E-9F16-2CD556627D6D"
1,1,400,"Animal Training","day39_score",,"Day 39 Score","int",,,1,4,"1FB61F75-ADA8-4AA3-934D-D2E913A81E86"
2,1,401,"Animal Training","day39_comments",,"Day 39 Comments","varchar(MAX)",,,,,"C6073967-BCED-451D-8BC9-CEB24828484B"
3,1,402,"Animal Training","day40date",,"Day 40 Date","datetime",,,,,"80598580-F13C-49FD-9E8E-931AFEE80216"
1,1,403,"Animal Training","day40_days",1,"[C] Day 40 Day (in relation to arrival date)","int",,,,,"80598580-F13C-49FD-9E8E-931AFEE80216D"
1,1,404,"Animal Training","day40time",,"Day 40 Time","varchar",,,,,"9D763571-9A7F-4B32-A3F6-41DA261B1EFE"
1,1,405,"Animal Training","day40_treadmillspeed",,"Day 40 Treadmill Speed","numeric",,,,,"2E05D345-D44D-4FBB-846F-8BF11ABB185C"
1,1,406,"Animal Training","day40_treadmillincline",,"Day 40 Treadmill Incline","numeric",,,,,"B11CA5AC-5379-4713-9E6D-798F33DF619A"
1,1,407,"Animal Training","day40_timeontreadmill",,"Day 40 Time on Treadmill","int",,,,,"FFFA6EEC-F274-4E8A-A06D-68AAB54FFBEB"
1,1,408,"Animal Training","day40_weight",,"Day 40 Weight","numeric",,,,,"FA4F088B-E891-415C-BD99-82C5796B7BE7"
1,1,409,"Animal Training","day40_posttrainlact",,"Day 40 Post-training Lactate","numeric",,,,,"EEE26D0F-7F6F-4741-A0AF-861E37D9CB05"
1,1,410,"Animal Training","day40_score",,"Day 40 Score","int",,,1,4,"72AAF338-3A7F-4AEB-9209-19BE932525A5"
2,1,411,"Animal Training","day40_comments",,"Day 40 Comments","varchar(MAX)",,,,,"EFA7C6DA-7062-4AE3-821E-8F20B7551747"

